usage_date_utc,model,workspace,api_key,usage_type,context_window,token_type,cost_usd,list_price_usd,cost_type,inference_geo,speed
2026-03-02,--,Default,QuePasa,--,--,--,0.14,0.14,web_search,--,--
2026-03-02,Claude Haiku 4.5,Default,QuePasa,message,≤ 200k,input_no_cache,0.27,0.27,token,not_available,
2026-03-02,Claude Haiku 4.5,Default,QuePasa,message,≤ 200k,input_cache_read,0.72,0.72,token,not_available,
2026-03-02,Claude Haiku 4.5,Default,QuePasa,message,≤ 200k,input_cache_write_5m,0.63,0.63,token,not_available,
2026-03-02,Claude Haiku 4.5,Default,QuePasa,message,≤ 200k,output,0.40,0.40,token,not_available,
2026-03-02,Claude Opus 4.6,Default,QuePasa,message,≤ 200k,input_no_cache,0.05,0.05,token,global,
2026-03-02,Claude Opus 4.6,Default,QuePasa,message,≤ 200k,input_cache_read,0.79,0.79,token,global,
2026-03-02,Claude Opus 4.6,Default,QuePasa,message,≤ 200k,input_cache_read,0.88,0.88,token,global,
2026-03-02,Claude Opus 4.6,Default,QuePasa,message,≤ 200k,input_cache_write_5m,0.02,0.02,token,global,
2026-03-02,Claude Opus 4.6,Default,QuePasa,message,≤ 200k,input_cache_write_5m,1.70,1.70,token,global,
2026-03-02,Claude Opus 4.6,Default,QuePasa,message,≤ 200k,output,0.27,0.27,token,global,
2026-03-02,Claude Sonnet 4.5,Default,QuePasa,message,≤ 200k,input_no_cache,0.01,0.01,token,not_available,
2026-03-02,Claude Sonnet 4.5,Default,QuePasa,message,≤ 200k,input_cache_read,0.28,0.28,token,not_available,
2026-03-02,Claude Sonnet 4.5,Default,QuePasa,message,≤ 200k,input_cache_write_5m,0.72,0.72,token,not_available,
2026-03-02,Claude Sonnet 4.5,Default,QuePasa,message,≤ 200k,output,0.41,0.41,token,not_available,
2026-03-02,Claude Sonnet 4.5,Default,Rezolve-R2-experimentation,message,≤ 200k,input_no_cache,7.07,7.07,token,not_available,
2026-03-02,Claude Sonnet 4.5,Default,Rezolve-R2-experimentation,message,≤ 200k,output,0.69,0.69,token,not_available,
2026-03-02,Claude Sonnet 4.6,Default,Rezolve-R2-experimentation,message,≤ 200k,input_no_cache,0.16,0.16,token,global,
2026-03-02,Claude Sonnet 4.6,Default,Rezolve-R2-experimentation,message,≤ 200k,input_cache_read,0.84,0.84,token,global,
2026-03-02,Claude Sonnet 4.6,Default,Rezolve-R2-experimentation,message,≤ 200k,input_cache_write_5m,1.47,1.47,token,global,
2026-03-02,Claude Sonnet 4.6,Default,Rezolve-R2-experimentation,message,≤ 200k,output,0.79,0.79,token,global,
2026-03-03,Claude Haiku 4.5,Default,QuePasa,message,≤ 200k,input_no_cache,0.00,0.00,token,not_available,
2026-03-03,Claude Haiku 4.5,Default,QuePasa,message,≤ 200k,output,0.00,0.00,token,not_available,
2026-03-03,Claude Opus 4.6,Default,QuePasa,message,≤ 200k,input_no_cache,0.00,0.00,token,global,
2026-03-03,Claude Opus 4.6,Default,QuePasa,message,≤ 200k,input_cache_read,0.85,0.85,token,global,
2026-03-03,Claude Opus 4.6,Default,QuePasa,message,≤ 200k,input_cache_write_5m,1.71,1.71,token,global,
2026-03-03,Claude Opus 4.6,Default,QuePasa,message,≤ 200k,output,0.69,0.69,token,global,
2026-03-03,Claude Sonnet 4.5,Default,Rezolve-R2-experimentation,message,≤ 200k,input_no_cache,10.10,10.10,token,not_available,
2026-03-03,Claude Sonnet 4.5,Default,Rezolve-R2-experimentation,message,≤ 200k,output,0.94,0.94,token,not_available,
2026-03-03,Claude Sonnet 4.6,Default,QuePasa,message,≤ 200k,input_no_cache,0.01,0.01,token,global,
2026-03-03,Claude Sonnet 4.6,Default,QuePasa,message,≤ 200k,input_cache_read,0.34,0.34,token,global,
2026-03-03,Claude Sonnet 4.6,Default,QuePasa,message,≤ 200k,input_cache_write_5m,0.26,0.26,token,global,
2026-03-03,Claude Sonnet 4.6,Default,QuePasa,message,≤ 200k,output,0.20,0.20,token,global,
2026-03-03,Claude Sonnet 4.6,Default,Rezolve-R2-experimentation,message,≤ 200k,input_no_cache,0.16,0.16,token,global,
2026-03-03,Claude Sonnet 4.6,Default,Rezolve-R2-experimentation,message,≤ 200k,input_cache_read,1.15,1.15,token,global,
2026-03-03,Claude Sonnet 4.6,Default,Rezolve-R2-experimentation,message,≤ 200k,input_cache_write_5m,1.65,1.65,token,global,
2026-03-03,Claude Sonnet 4.6,Default,Rezolve-R2-experimentation,message,≤ 200k,output,0.88,0.88,token,global,
2026-03-04,Claude Haiku 4.5,Default,QuePasa,message,≤ 200k,input_no_cache,0.03,0.03,token,not_available,
2026-03-04,Claude Haiku 4.5,Default,QuePasa,message,≤ 200k,output,0.01,0.01,token,not_available,
2026-03-04,Claude Haiku 4.5,Default,Rezolve-R2-experimentation,message,≤ 200k,input_no_cache,0.00,0.00,token,not_available,
2026-03-04,Claude Haiku 4.5,Default,Rezolve-R2-experimentation,message,≤ 200k,input_cache_read,0.00,0.00,token,not_available,
2026-03-04,Claude Haiku 4.5,Default,Rezolve-R2-experimentation,message,≤ 200k,input_cache_write_5m,0.10,0.10,token,not_available,
2026-03-04,Claude Haiku 4.5,Default,Rezolve-R2-experimentation,message,≤ 200k,output,0.01,0.01,token,not_available,
2026-03-04,Claude Opus 4.6,Default,QuePasa,message,≤ 200k,input_no_cache,0.00,0.00,token,global,
2026-03-04,Claude Opus 4.6,Default,QuePasa,message,≤ 200k,input_cache_read,7.54,7.54,token,global,
2026-03-04,Claude Opus 4.6,Default,QuePasa,message,≤ 200k,input_cache_write_5m,13.01,13.01,token,global,
2026-03-04,Claude Opus 4.6,Default,QuePasa,message,≤ 200k,output,2.45,2.45,token,global,
2026-03-04,Claude Opus 4.6,Default,QuePasa,message,≤ 200k,output,0.31,0.31,token,global,
2026-03-04,Claude Sonnet 4.5,Default,Rezolve-R2-experimentation,message,≤ 200k,input_no_cache,4.10,4.10,token,not_available,
2026-03-04,Claude Sonnet 4.5,Default,Rezolve-R2-experimentation,message,≤ 200k,input_no_cache,7.47,7.47,token,not_available,
2026-03-04,Claude Sonnet 4.5,Default,Rezolve-R2-experimentation,message,≤ 200k,output,1.04,1.04,token,not_available,
2026-03-04,Claude Sonnet 4.6,Default,Rezolve-R2-experimentation,message,≤ 200k,input_no_cache,0.01,0.01,token,global,
2026-03-04,Claude Sonnet 4.6,Default,Rezolve-R2-experimentation,message,≤ 200k,input_cache_read,0.39,0.39,token,global,
2026-03-04,Claude Sonnet 4.6,Default,Rezolve-R2-experimentation,message,≤ 200k,input_cache_write_5m,0.43,0.43,token,global,
2026-03-04,Claude Sonnet 4.6,Default,Rezolve-R2-experimentation,message,≤ 200k,output,0.33,0.33,token,global,
2026-03-05,Claude Haiku 4.5,Default,QuePasa,message,≤ 200k,input_no_cache,0.05,0.05,token,not_available,
2026-03-05,Claude Haiku 4.5,Default,QuePasa,message,≤ 200k,input_cache_write_5m,0.01,0.01,token,not_available,
2026-03-05,Claude Haiku 4.5,Default,QuePasa,message,≤ 200k,output,0.02,0.02,token,not_available,
2026-03-05,Claude Opus 4.6,Default,QuePasa,message,≤ 200k,input_no_cache,0.00,0.00,token,global,
2026-03-05,Claude Opus 4.6,Default,QuePasa,message,≤ 200k,input_cache_read,6.83,6.83,token,global,
2026-03-05,Claude Opus 4.6,Default,QuePasa,message,≤ 200k,input_cache_write_5m,8.12,8.12,token,global,
2026-03-05,Claude Opus 4.6,Default,QuePasa,message,≤ 200k,output,2.53,2.53,token,global,
2026-03-05,Claude Sonnet 4.5,Default,Rezolve-R2-experimentation,message,≤ 200k,input_no_cache,4.08,4.08,token,not_available,
2026-03-05,Claude Sonnet 4.5,Default,Rezolve-R2-experimentation,message,≤ 200k,output,0.35,0.35,token,not_available,
2026-03-05,Claude Sonnet 4.6,Default,QuePasa,message,≤ 200k,input_no_cache,0.00,0.00,token,global,
2026-03-05,Claude Sonnet 4.6,Default,QuePasa,message,≤ 200k,input_cache_read,5.99,5.99,token,global,
2026-03-05,Claude Sonnet 4.6,Default,QuePasa,message,≤ 200k,input_cache_write_5m,6.18,6.18,token,global,
2026-03-05,Claude Sonnet 4.6,Default,QuePasa,message,≤ 200k,output,2.03,2.03,token,global,
2026-03-05,Claude Sonnet 4.6,Default,Rezolve-R2-experimentation,message,≤ 200k,input_no_cache,0.01,0.01,token,global,
2026-03-05,Claude Sonnet 4.6,Default,Rezolve-R2-experimentation,message,≤ 200k,input_cache_read,0.04,0.04,token,global,
2026-03-05,Claude Sonnet 4.6,Default,Rezolve-R2-experimentation,message,≤ 200k,input_cache_write_5m,0.15,0.15,token,global,
2026-03-05,Claude Sonnet 4.6,Default,Rezolve-R2-experimentation,message,≤ 200k,output,0.08,0.08,token,global,
2026-03-06,Claude Haiku 4.5,Default,QuePasa,message,≤ 200k,input_no_cache,0.10,0.10,token,not_available,
2026-03-06,Claude Haiku 4.5,Default,QuePasa,message,≤ 200k,input_cache_read,0.15,0.15,token,not_available,
2026-03-06,Claude Haiku 4.5,Default,QuePasa,message,≤ 200k,input_cache_write_5m,0.31,0.31,token,not_available,
2026-03-06,Claude Haiku 4.5,Default,QuePasa,message,≤ 200k,output,0.15,0.15,token,not_available,
2026-03-06,Claude Opus 4.6,Default,QuePasa,message,≤ 200k,input_no_cache,0.00,0.00,token,global,
2026-03-06,Claude Opus 4.6,Default,QuePasa,message,≤ 200k,input_cache_read,8.00,8.00,token,global,
2026-03-06,Claude Opus 4.6,Default,QuePasa,message,≤ 200k,input_cache_write_5m,8.41,8.41,token,global,
2026-03-06,Claude Opus 4.6,Default,QuePasa,message,≤ 200k,output,2.64,2.64,token,global,
2026-03-06,Claude Sonnet 4.5,Default,Rezolve-R2-experimentation,message,≤ 200k,input_no_cache,6.12,6.12,token,not_available,
2026-03-06,Claude Sonnet 4.5,Default,Rezolve-R2-experimentation,message,≤ 200k,output,0.53,0.53,token,not_available,
2026-03-06,Claude Sonnet 4.6,Default,QuePasa,message,≤ 200k,input_no_cache,0.07,0.07,token,global,
2026-03-06,Claude Sonnet 4.6,Default,QuePasa,message,≤ 200k,input_cache_read,0.35,0.35,token,global,
2026-03-06,Claude Sonnet 4.6,Default,QuePasa,message,≤ 200k,input_cache_write_5m,0.81,0.81,token,global,
2026-03-06,Claude Sonnet 4.6,Default,QuePasa,message,≤ 200k,output,0.58,0.58,token,global,
2026-03-06,Claude Sonnet 4.6,Default,Rezolve-R2-experimentation,message,≤ 200k,input_no_cache,0.02,0.02,token,global,
2026-03-06,Claude Sonnet 4.6,Default,Rezolve-R2-experimentation,message,≤ 200k,input_cache_read,0.07,0.07,token,global,
2026-03-06,Claude Sonnet 4.6,Default,Rezolve-R2-experimentation,message,≤ 200k,input_cache_write_5m,0.17,0.17,token,global,
2026-03-06,Claude Sonnet 4.6,Default,Rezolve-R2-experimentation,message,≤ 200k,output,0.09,0.09,token,global,
2026-03-07,--,Default,QuePasa,--,--,--,0.04,0.04,web_search,--,--
2026-03-07,Claude Haiku 4.5,Default,QuePasa,message,≤ 200k,input_no_cache,0.03,0.03,token,not_available,
2026-03-07,Claude Haiku 4.5,Default,QuePasa,message,≤ 200k,input_cache_read,0.01,0.01,token,not_available,
2026-03-07,Claude Haiku 4.5,Default,QuePasa,message,≤ 200k,input_cache_write_5m,0.03,0.03,token,not_available,
2026-03-07,Claude Haiku 4.5,Default,QuePasa,message,≤ 200k,output,0.01,0.01,token,not_available,
2026-03-07,Claude Opus 4.6,Default,QuePasa,message,≤ 200k,input_no_cache,0.00,0.00,token,global,
2026-03-07,Claude Opus 4.6,Default,QuePasa,message,≤ 200k,input_cache_read,6.96,6.96,token,global,
2026-03-07,Claude Opus 4.6,Default,QuePasa,message,≤ 200k,input_cache_write_5m,6.80,6.80,token,global,
2026-03-07,Claude Opus 4.6,Default,QuePasa,message,≤ 200k,output,4.11,4.11,token,global,
2026-03-07,Claude Sonnet 4.5,Default,QuePasa,message,≤ 200k,input_no_cache,0.00,0.00,token,not_available,
2026-03-07,Claude Sonnet 4.5,Default,QuePasa,message,≤ 200k,input_cache_read,0.00,0.00,token,not_available,
2026-03-07,Claude Sonnet 4.5,Default,QuePasa,message,≤ 200k,input_cache_write_5m,0.02,0.02,token,not_available,
2026-03-07,Claude Sonnet 4.5,Default,QuePasa,message,≤ 200k,output,0.00,0.00,token,not_available,
2026-03-07,Claude Sonnet 4.6,Default,QuePasa,message,≤ 200k,input_no_cache,0.00,0.00,token,global,
2026-03-07,Claude Sonnet 4.6,Default,QuePasa,message,≤ 200k,input_cache_read,4.73,4.73,token,global,
2026-03-07,Claude Sonnet 4.6,Default,QuePasa,message,≤ 200k,input_cache_write_5m,5.89,5.89,token,global,
2026-03-07,Claude Sonnet 4.6,Default,QuePasa,message,≤ 200k,output,1.52,1.52,token,global,
2026-03-08,Claude Haiku 4.5,Default,QuePasa,message,≤ 200k,input_no_cache,0.01,0.01,token,not_available,
2026-03-08,Claude Haiku 4.5,Default,QuePasa,message,≤ 200k,input_cache_read,0.03,0.03,token,not_available,
2026-03-08,Claude Haiku 4.5,Default,QuePasa,message,≤ 200k,input_cache_write_5m,0.08,0.08,token,not_available,
2026-03-08,Claude Haiku 4.5,Default,QuePasa,message,≤ 200k,output,0.04,0.04,token,not_available,
2026-03-08,Claude Opus 4.6,Default,QuePasa,message,≤ 200k,input_no_cache,0.00,0.00,token,global,
2026-03-08,Claude Opus 4.6,Default,QuePasa,message,≤ 200k,input_cache_read,5.33,5.33,token,global,
2026-03-08,Claude Opus 4.6,Default,QuePasa,message,≤ 200k,input_cache_write_5m,0.35,0.35,token,global,
2026-03-08,Claude Opus 4.6,Default,QuePasa,message,≤ 200k,input_cache_write_5m,2.01,2.01,token,global,
2026-03-08,Claude Opus 4.6,Default,QuePasa,message,≤ 200k,output,2.34,2.34,token,global,
2026-03-08,Claude Sonnet 4.6,Default,QuePasa,message,≤ 200k,input_no_cache,0.00,0.00,token,global,
2026-03-08,Claude Sonnet 4.6,Default,QuePasa,message,≤ 200k,input_cache_read,0.14,0.14,token,global,
2026-03-08,Claude Sonnet 4.6,Default,QuePasa,message,≤ 200k,input_cache_write_5m,0.46,0.46,token,global,
2026-03-08,Claude Sonnet 4.6,Default,QuePasa,message,≤ 200k,output,0.20,0.20,token,global,
2026-03-09,--,Default,QuePasa,--,--,--,0.39,0.39,web_search,--,--
2026-03-09,Claude Haiku 4.5,Default,QuePasa,message,≤ 200k,input_no_cache,0.49,0.49,token,not_available,
2026-03-09,Claude Haiku 4.5,Default,QuePasa,message,≤ 200k,input_cache_read,0.21,0.21,token,not_available,
2026-03-09,Claude Haiku 4.5,Default,QuePasa,message,≤ 200k,input_cache_write_5m,0.37,0.37,token,not_available,
2026-03-09,Claude Haiku 4.5,Default,QuePasa,message,≤ 200k,output,0.21,0.21,token,not_available,
2026-03-09,Claude Haiku 4.5,Default,Rezolve-R2-experimentation,message,≤ 200k,input_no_cache,12.03,12.03,token,not_available,
2026-03-09,Claude Haiku 4.5,Default,Rezolve-R2-experimentation,message,≤ 200k,output,2.82,2.82,token,not_available,
2026-03-09,Claude Opus 4.6,Default,QuePasa,message,≤ 200k,input_no_cache,0.48,0.48,token,global,
2026-03-09,Claude Opus 4.6,Default,QuePasa,message,≤ 200k,input_cache_read,4.98,4.98,token,global,
2026-03-09,Claude Opus 4.6,Default,QuePasa,message,≤ 200k,input_cache_read,9.42,9.42,token,global,
2026-03-09,Claude Opus 4.6,Default,QuePasa,message,≤ 200k,input_cache_write_5m,29.11,29.11,token,global,
2026-03-09,Claude Opus 4.6,Default,QuePasa,message,≤ 200k,output,10.21,10.21,token,global,
2026-03-09,Claude Sonnet 4.5,Default,Rezolve-R2-experimentation,message,≤ 200k,input_no_cache,10.45,10.45,token,not_available,
2026-03-09,Claude Sonnet 4.5,Default,Rezolve-R2-experimentation,message,≤ 200k,output,0.90,0.90,token,not_available,
2026-03-09,Claude Sonnet 4.6,Default,QuePasa,message,≤ 200k,input_no_cache,0.00,0.00,token,global,
2026-03-09,Claude Sonnet 4.6,Default,QuePasa,message,≤ 200k,input_cache_read,1.02,1.02,token,global,
2026-03-09,Claude Sonnet 4.6,Default,QuePasa,message,≤ 200k,input_cache_write_5m,1.47,1.47,token,global,
2026-03-09,Claude Sonnet 4.6,Default,QuePasa,message,≤ 200k,output,0.51,0.51,token,global,
2026-03-09,Claude Sonnet 4.6,Default,Rezolve-R2-experimentation,message,≤ 200k,input_no_cache,0.08,0.08,token,global,
2026-03-09,Claude Sonnet 4.6,Default,Rezolve-R2-experimentation,message,≤ 200k,input_cache_read,0.66,0.66,token,global,
2026-03-09,Claude Sonnet 4.6,Default,Rezolve-R2-experimentation,message,≤ 200k,input_cache_write_5m,1.46,1.46,token,global,
2026-03-09,Claude Sonnet 4.6,Default,Rezolve-R2-experimentation,message,≤ 200k,output,0.68,0.68,token,global,
2026-03-10,--,Default,QuePasa,--,--,--,0.08,0.08,web_search,--,--
2026-03-10,Claude Haiku 3,Default,QuePasa,message,≤ 200k,input_no_cache,0.00,0.00,token,not_available,
2026-03-10,Claude Haiku 3,Default,QuePasa,message,≤ 200k,output,0.00,0.00,token,not_available,
2026-03-10,Claude Haiku 4.5,Default,QuePasa,message,≤ 200k,input_no_cache,0.10,0.10,token,not_available,
2026-03-10,Claude Haiku 4.5,Default,QuePasa,message,≤ 200k,input_cache_read,0.05,0.05,token,not_available,
2026-03-10,Claude Haiku 4.5,Default,QuePasa,message,≤ 200k,input_cache_write_5m,0.32,0.32,token,not_available,
2026-03-10,Claude Haiku 4.5,Default,QuePasa,message,≤ 200k,output,0.13,0.13,token,not_available,
2026-03-10,Claude Haiku 4.5,Default,Rezolve-R2-experimentation,message,≤ 200k,input_no_cache,3.90,3.90,token,not_available,
2026-03-10,Claude Haiku 4.5,Default,Rezolve-R2-experimentation,message,≤ 200k,output,0.76,0.76,token,not_available,
2026-03-10,Claude Opus 4.6,Default,QuePasa,message,≤ 200k,input_no_cache,0.00,0.00,token,global,
2026-03-10,Claude Opus 4.6,Default,QuePasa,message,≤ 200k,input_cache_read,14.78,14.78,token,global,
2026-03-10,Claude Opus 4.6,Default,QuePasa,message,≤ 200k,input_cache_write_5m,9.75,9.75,token,global,
2026-03-10,Claude Opus 4.6,Default,QuePasa,message,≤ 200k,input_cache_write_5m,15.82,15.82,token,global,
2026-03-10,Claude Opus 4.6,Default,QuePasa,message,≤ 200k,output,4.89,4.89,token,global,
2026-03-10,Claude Sonnet 4.5,Default,Rezolve-R2-experimentation,message,≤ 200k,input_no_cache,8.33,8.33,token,not_available,
2026-03-10,Claude Sonnet 4.5,Default,Rezolve-R2-experimentation,message,≤ 200k,output,0.77,0.77,token,not_available,
2026-03-10,Claude Sonnet 4.6,Default,QuePasa,message,≤ 200k,input_no_cache,0.00,0.00,token,global,
2026-03-10,Claude Sonnet 4.6,Default,QuePasa,message,≤ 200k,input_cache_read,1.19,1.19,token,global,
2026-03-10,Claude Sonnet 4.6,Default,QuePasa,message,≤ 200k,input_cache_write_5m,1.83,1.83,token,global,
2026-03-10,Claude Sonnet 4.6,Default,QuePasa,message,≤ 200k,output,0.92,0.92,token,global,
2026-03-10,Claude Sonnet 4.6,Default,Rezolve-R2-experimentation,message,≤ 200k,input_no_cache,0.11,0.11,token,global,
2026-03-10,Claude Sonnet 4.6,Default,Rezolve-R2-experimentation,message,≤ 200k,input_cache_read,0.46,0.46,token,global,
2026-03-10,Claude Sonnet 4.6,Default,Rezolve-R2-experimentation,message,≤ 200k,input_cache_write_5m,0.85,0.85,token,global,
2026-03-10,Claude Sonnet 4.6,Default,Rezolve-R2-experimentation,message,≤ 200k,output,0.43,0.43,token,global,
2026-03-11,Claude Haiku 4.5,Default,QuePasa,message,≤ 200k,input_no_cache,0.07,0.07,token,not_available,
2026-03-11,Claude Haiku 4.5,Default,QuePasa,message,≤ 200k,output,0.01,0.01,token,not_available,
2026-03-11,Claude Opus 4.6,Default,QuePasa,message,≤ 200k,input_no_cache,0.01,0.01,token,global,
2026-03-11,Claude Opus 4.6,Default,QuePasa,message,≤ 200k,input_cache_read,16.30,16.30,token,global,
2026-03-11,Claude Opus 4.6,Default,QuePasa,message,≤ 200k,input_cache_read,14.77,14.77,token,global,
2026-03-11,Claude Opus 4.6,Default,QuePasa,message,≤ 200k,input_cache_write_5m,23.62,23.62,token,global,
2026-03-11,Claude Opus 4.6,Default,QuePasa,message,≤ 200k,output,9.11,9.11,token,global,
2026-03-11,Claude Sonnet 4.5,Default,QuePasa,message,≤ 200k,input_no_cache,0.00,0.00,token,not_available,
2026-03-11,Claude Sonnet 4.5,Default,QuePasa,message,≤ 200k,input_cache_read,4.42,4.42,token,not_available,
2026-03-11,Claude Sonnet 4.5,Default,QuePasa,message,≤ 200k,input_cache_write_5m,1.19,1.19,token,not_available,
2026-03-11,Claude Sonnet 4.5,Default,QuePasa,message,≤ 200k,input_cache_write_5m,2.87,2.87,token,not_available,
2026-03-11,Claude Sonnet 4.5,Default,QuePasa,message,≤ 200k,output,1.83,1.83,token,not_available,
2026-03-11,Claude Sonnet 4.5,Default,Rezolve-R2-experimentation,message,≤ 200k,input_no_cache,3.93,3.93,token,not_available,
2026-03-11,Claude Sonnet 4.5,Default,Rezolve-R2-experimentation,message,≤ 200k,input_no_cache,13.56,13.56,token,not_available,
2026-03-11,Claude Sonnet 4.5,Default,Rezolve-R2-experimentation,message,≤ 200k,output,1.66,1.66,token,not_available,
2026-03-11,Claude Sonnet 4.6,Default,QuePasa,message,≤ 200k,input_no_cache,0.00,0.00,token,global,
2026-03-11,Claude Sonnet 4.6,Default,QuePasa,message,≤ 200k,input_cache_read,3.18,3.18,token,global,
2026-03-11,Claude Sonnet 4.6,Default,QuePasa,message,≤ 200k,input_cache_write_5m,4.37,4.37,token,global,
2026-03-11,Claude Sonnet 4.6,Default,QuePasa,message,≤ 200k,output,1.25,1.25,token,global,
2026-03-11,Claude Sonnet 4.6,Default,Rezolve-R2-experimentation,message,≤ 200k,input_no_cache,0.09,0.09,token,global,
2026-03-11,Claude Sonnet 4.6,Default,Rezolve-R2-experimentation,message,≤ 200k,input_cache_read,0.38,0.38,token,global,
2026-03-11,Claude Sonnet 4.6,Default,Rezolve-R2-experimentation,message,≤ 200k,input_cache_write_5m,0.85,0.85,token,global,
2026-03-11,Claude Sonnet 4.6,Default,Rezolve-R2-experimentation,message,≤ 200k,output,0.40,0.40,token,global,
2026-03-12,Claude Haiku 4.5,Default,QuePasa,message,≤ 200k,input_no_cache,0.05,0.05,token,not_available,
2026-03-12,Claude Haiku 4.5,Default,QuePasa,message,≤ 200k,input_cache_write_5m,0.01,0.01,token,not_available,
2026-03-12,Claude Haiku 4.5,Default,QuePasa,message,≤ 200k,output,0.04,0.04,token,not_available,
2026-03-12,Claude Haiku 4.5,Default,Rezolve-R2-experimentation,message,≤ 200k,input_no_cache,2.51,2.51,token,not_available,
2026-03-12,Claude Haiku 4.5,Default,Rezolve-R2-experimentation,message,≤ 200k,input_no_cache,0.58,0.58,token,not_available,
2026-03-12,Claude Haiku 4.5,Default,Rezolve-R2-experimentation,message,≤ 200k,output,0.73,0.73,token,not_available,
2026-03-12,Claude Opus 4.6,Default,QuePasa,message,≤ 200k,input_no_cache,0.00,0.00,token,global,
2026-03-12,Claude Opus 4.6,Default,QuePasa,message,≤ 200k,input_cache_read,4.90,4.90,token,global,
2026-03-12,Claude Opus 4.6,Default,QuePasa,message,≤ 200k,input_cache_write_5m,1.58,1.58,token,global,
2026-03-12,Claude Opus 4.6,Default,QuePasa,message,≤ 200k,input_cache_write_5m,4.86,4.86,token,global,
2026-03-12,Claude Opus 4.6,Default,QuePasa,message,≤ 200k,output,2.05,2.05,token,global,
2026-03-12,Claude Sonnet 4,Default,Duncan ,message,≤ 200k,input_no_cache,0.02,0.02,token,not_available,
2026-03-12,Claude Sonnet 4,Default,Duncan ,message,≤ 200k,output,0.00,0.00,token,not_available,
2026-03-12,Claude Sonnet 4.5,Default,QuePasa,message,≤ 200k,input_no_cache,0.00,0.00,token,not_available,
2026-03-12,Claude Sonnet 4.5,Default,QuePasa,message,≤ 200k,input_cache_read,2.69,2.69,token,not_available,
2026-03-12,Claude Sonnet 4.5,Default,QuePasa,message,≤ 200k,input_cache_write_5m,3.02,3.02,token,not_available,
2026-03-12,Claude Sonnet 4.5,Default,QuePasa,message,≤ 200k,output,0.80,0.80,token,not_available,
2026-03-12,Claude Sonnet 4.5,Default,Rezolve-R2-experimentation,message,≤ 200k,input_no_cache,4.20,4.20,token,not_available,
2026-03-12,Claude Sonnet 4.5,Default,Rezolve-R2-experimentation,message,≤ 200k,output,0.41,0.41,token,not_available,
2026-03-12,Claude Sonnet 4.6,Default,QuePasa,message,≤ 200k,input_no_cache,0.00,0.00,token,global,
2026-03-12,Claude Sonnet 4.6,Default,QuePasa,message,≤ 200k,input_cache_read,7.21,7.21,token,global,
2026-03-12,Claude Sonnet 4.6,Default,QuePasa,message,≤ 200k,input_cache_write_5m,5.11,5.11,token,global,
2026-03-12,Claude Sonnet 4.6,Default,QuePasa,message,≤ 200k,output,2.21,2.21,token,global,
2026-03-13,Claude Haiku 4.5,Default,QuePasa,message,≤ 200k,input_no_cache,0.01,0.01,token,not_available,
2026-03-13,Claude Haiku 4.5,Default,QuePasa,message,≤ 200k,input_cache_read,0.33,0.33,token,not_available,
2026-03-13,Claude Haiku 4.5,Default,QuePasa,message,≤ 200k,input_cache_write_5m,0.38,0.38,token,not_available,
2026-03-13,Claude Haiku 4.5,Default,QuePasa,message,≤ 200k,output,0.12,0.12,token,not_available,
2026-03-13,Claude Opus 4.6,Default,QuePasa,message,≤ 200k,input_no_cache,0.02,0.02,token,global,
2026-03-13,Claude Opus 4.6,Default,QuePasa,message,≤ 200k,input_cache_read,20.55,20.55,token,global,
2026-03-13,Claude Opus 4.6,Default,QuePasa,message,≤ 200k,input_cache_read,5.09,5.09,token,global,
2026-03-13,Claude Opus 4.6,Default,QuePasa,message,≤ 200k,input_cache_write_5m,12.94,12.94,token,global,
2026-03-13,Claude Opus 4.6,Default,QuePasa,message,≤ 200k,output,2.08,2.08,token,global,
2026-03-13,Claude Opus 4.6,Default,QuePasa,message,≤ 200k,output,4.17,4.17,token,global,
2026-03-13,Claude Sonnet 4.5,Default,QuePasa,message,≤ 200k,input_no_cache,0.00,0.00,token,not_available,
2026-03-13,Claude Sonnet 4.5,Default,QuePasa,message,≤ 200k,input_cache_read,0.00,0.00,token,not_available,
2026-03-13,Claude Sonnet 4.5,Default,QuePasa,message,≤ 200k,input_cache_write_5m,0.33,0.33,token,not_available,
2026-03-13,Claude Sonnet 4.5,Default,QuePasa,message,≤ 200k,output,0.01,0.01,token,not_available,
2026-03-13,Claude Sonnet 4.6,Default,QuePasa,message,≤ 200k,input_no_cache,0.00,0.00,token,global,
2026-03-13,Claude Sonnet 4.6,Default,QuePasa,message,≤ 200k,input_cache_read,0.62,0.62,token,global,
2026-03-13,Claude Sonnet 4.6,Default,QuePasa,message,≤ 200k,input_cache_write_5m,1.59,1.59,token,global,
2026-03-13,Claude Sonnet 4.6,Default,QuePasa,message,≤ 200k,output,0.54,0.54,token,global,
2026-03-16,Claude Haiku 4.5,Default,QuePasa,message,≤ 200k,input_no_cache,0.25,0.25,token,not_available,
2026-03-16,Claude Haiku 4.5,Default,QuePasa,message,≤ 200k,input_cache_read,0.10,0.10,token,not_available,
2026-03-16,Claude Haiku 4.5,Default,QuePasa,message,≤ 200k,input_cache_write_5m,0.21,0.21,token,not_available,
2026-03-16,Claude Haiku 4.5,Default,QuePasa,message,≤ 200k,output,0.14,0.14,token,not_available,
2026-03-16,Claude Haiku 4.5,Default,Rezolve-R2-experimentation,message,≤ 200k,input_no_cache,8.52,8.52,token,not_available,
2026-03-16,Claude Haiku 4.5,Default,Rezolve-R2-experimentation,message,≤ 200k,output,2.11,2.11,token,not_available,
2026-03-16,Claude Haiku 4.5,Default,rezolve-claudeapi-key,message,≤ 200k,input_no_cache,0.00,0.00,token,not_available,
2026-03-16,Claude Haiku 4.5,Default,rezolve-claudeapi-key,message,≤ 200k,input_cache_read,0.00,0.00,token,not_available,
2026-03-16,Claude Haiku 4.5,Default,rezolve-claudeapi-key,message,≤ 200k,input_cache_write_5m,0.01,0.01,token,not_available,
2026-03-16,Claude Haiku 4.5,Default,rezolve-claudeapi-key,message,≤ 200k,output,0.00,0.00,token,not_available,
2026-03-16,Claude Opus 4.6,Default,QuePasa,message,≤ 200k,input_no_cache,0.00,0.00,token,global,
2026-03-16,Claude Opus 4.6,Default,QuePasa,message,≤ 200k,input_cache_read,1.11,1.11,token,global,
2026-03-16,Claude Opus 4.6,Default,QuePasa,message,≤ 200k,input_cache_write_5m,2.16,2.16,token,global,
2026-03-16,Claude Opus 4.6,Default,QuePasa,message,≤ 200k,output,1.08,1.08,token,global,
2026-03-16,Claude Sonnet 4,Default,Checkout Prototype,message,≤ 200k,input_no_cache,0.01,0.01,token,not_available,
2026-03-16,Claude Sonnet 4,Default,Checkout Prototype,message,≤ 200k,output,0.00,0.00,token,not_available,
2026-03-16,Claude Sonnet 4.5,Default,QuePasa,message,≤ 200k,input_no_cache,0.01,0.01,token,not_available,
2026-03-16,Claude Sonnet 4.5,Default,QuePasa,message,≤ 200k,input_cache_read,6.14,6.14,token,not_available,
2026-03-16,Claude Sonnet 4.5,Default,QuePasa,message,≤ 200k,input_cache_write_5m,5.69,5.69,token,not_available,
2026-03-16,Claude Sonnet 4.5,Default,QuePasa,message,≤ 200k,output,1.65,1.65,token,not_available,
2026-03-16,Claude Sonnet 4.5,Default,Rezolve-R2-experimentation,message,≤ 200k,input_no_cache,22.58,22.58,token,not_available,
2026-03-16,Claude Sonnet 4.5,Default,Rezolve-R2-experimentation,message,≤ 200k,input_no_cache,1.95,1.95,token,not_available,
2026-03-16,Claude Sonnet 4.5,Default,Rezolve-R2-experimentation,message,≤ 200k,output,2.13,2.13,token,not_available,
2026-03-16,Claude Sonnet 4.6,Default,QuePasa,message,≤ 200k,input_no_cache,0.00,0.00,token,global,
2026-03-16,Claude Sonnet 4.6,Default,QuePasa,message,≤ 200k,input_cache_read,0.52,0.52,token,global,
2026-03-16,Claude Sonnet 4.6,Default,QuePasa,message,≤ 200k,input_cache_write_5m,0.99,0.99,token,global,
2026-03-16,Claude Sonnet 4.6,Default,QuePasa,message,≤ 200k,output,0.53,0.53,token,global,
2026-03-16,Claude Sonnet 4.6,Default,Rezolve-R2-experimentation,message,≤ 200k,input_no_cache,0.01,0.01,token,global,
2026-03-16,Claude Sonnet 4.6,Default,Rezolve-R2-experimentation,message,≤ 200k,input_cache_read,0.21,0.21,token,global,
2026-03-16,Claude Sonnet 4.6,Default,Rezolve-R2-experimentation,message,≤ 200k,input_cache_write_5m,0.34,0.34,token,global,
2026-03-16,Claude Sonnet 4.6,Default,Rezolve-R2-experimentation,message,≤ 200k,output,0.28,0.28,token,global,
2026-03-16,Claude Sonnet 4.6,Default,rezolve-claudeapi-key,message,≤ 200k,input_no_cache,0.00,0.00,token,global,
2026-03-16,Claude Sonnet 4.6,Default,rezolve-claudeapi-key,message,≤ 200k,input_cache_read,0.29,0.29,token,global,
2026-03-16,Claude Sonnet 4.6,Default,rezolve-claudeapi-key,message,≤ 200k,input_cache_write_5m,0.52,0.52,token,global,
2026-03-16,Claude Sonnet 4.6,Default,rezolve-claudeapi-key,message,≤ 200k,output,0.24,0.24,token,global,
2026-03-17,--,Default,QuePasa,--,--,--,0.02,0.02,web_search,--,--
2026-03-17,Claude Haiku 4.5,Default,QuePasa,message,≤ 200k,input_no_cache,0.01,0.01,token,not_available,
2026-03-17,Claude Haiku 4.5,Default,QuePasa,message,≤ 200k,input_cache_read,0.34,0.34,token,not_available,
2026-03-17,Claude Haiku 4.5,Default,QuePasa,message,≤ 200k,input_cache_write_5m,0.42,0.42,token,not_available,
2026-03-17,Claude Haiku 4.5,Default,QuePasa,message,≤ 200k,output,0.14,0.14,token,not_available,
2026-03-17,Claude Haiku 4.5,Default,Rezolve-R2-experimentation,message,≤ 200k,input_no_cache,14.94,14.94,token,not_available,
2026-03-17,Claude Haiku 4.5,Default,Rezolve-R2-experimentation,message,≤ 200k,output,4.51,4.51,token,not_available,
2026-03-17,Claude Opus 4.6,Default,QuePasa,message,≤ 200k,input_no_cache,0.08,0.08,token,global,
2026-03-17,Claude Opus 4.6,Default,QuePasa,message,≤ 200k,input_cache_read,24.41,24.41,token,global,
2026-03-17,Claude Opus 4.6,Default,QuePasa,message,≤ 200k,input_cache_write_5m,19.39,19.39,token,global,
2026-03-17,Claude Opus 4.6,Default,QuePasa,message,≤ 200k,output,9.88,9.88,token,global,
2026-03-17,Claude Opus 4.6,Default,QuePasa,message,200k - 1M,input_no_cache,0.00,0.00,token,global,
2026-03-17,Claude Opus 4.6,Default,QuePasa,message,200k - 1M,input_cache_read,1.02,1.02,token,global,
2026-03-17,Claude Opus 4.6,Default,QuePasa,message,200k - 1M,input_cache_write_5m,0.06,0.06,token,global,
2026-03-17,Claude Opus 4.6,Default,QuePasa,message,200k - 1M,output,0.15,0.15,token,global,
2026-03-17,Claude Sonnet 4,Default,Checkout Prototype,message,≤ 200k,input_no_cache,0.12,0.12,token,not_available,
2026-03-17,Claude Sonnet 4,Default,Checkout Prototype,message,≤ 200k,output,0.02,0.02,token,not_available,
2026-03-17,Claude Sonnet 4.5,Default,QuePasa,message,≤ 200k,input_no_cache,0.00,0.00,token,not_available,
2026-03-17,Claude Sonnet 4.5,Default,QuePasa,message,≤ 200k,input_cache_read,0.41,0.41,token,not_available,
2026-03-17,Claude Sonnet 4.5,Default,QuePasa,message,≤ 200k,input_cache_write_5m,0.87,0.87,token,not_available,
2026-03-17,Claude Sonnet 4.5,Default,QuePasa,message,≤ 200k,output,0.08,0.08,token,not_available,
2026-03-17,Claude Sonnet 4.5,Default,Rezolve-R2-experimentation,message,≤ 200k,input_no_cache,31.95,31.95,token,not_available,
2026-03-17,Claude Sonnet 4.5,Default,Rezolve-R2-experimentation,message,≤ 200k,output,2.85,2.85,token,not_available,
2026-03-17,Claude Sonnet 4.6,Default,QuePasa,message,≤ 200k,input_no_cache,0.00,0.00,token,global,
2026-03-17,Claude Sonnet 4.6,Default,QuePasa,message,≤ 200k,input_cache_read,2.30,2.30,token,global,
2026-03-17,Claude Sonnet 4.6,Default,QuePasa,message,≤ 200k,input_cache_write_5m,4.02,4.02,token,global,
2026-03-17,Claude Sonnet 4.6,Default,QuePasa,message,≤ 200k,output,1.61,1.61,token,global,
2026-03-17,Claude Sonnet 4.6,Default,Rezolve-R2-experimentation,message,≤ 200k,input_no_cache,0.00,0.00,token,global,
2026-03-17,Claude Sonnet 4.6,Default,Rezolve-R2-experimentation,message,≤ 200k,input_cache_read,0.47,0.47,token,global,
2026-03-17,Claude Sonnet 4.6,Default,Rezolve-R2-experimentation,message,≤ 200k,input_cache_write_5m,0.42,0.42,token,global,
2026-03-17,Claude Sonnet 4.6,Default,Rezolve-R2-experimentation,message,≤ 200k,output,0.21,0.21,token,global,
2026-03-18,Claude Haiku 4.5,Default,QuePasa,message,≤ 200k,input_no_cache,0.05,0.05,token,not_available,
2026-03-18,Claude Haiku 4.5,Default,QuePasa,message,≤ 200k,input_cache_read,0.01,0.01,token,not_available,
2026-03-18,Claude Haiku 4.5,Default,QuePasa,message,≤ 200k,input_cache_write_5m,0.07,0.07,token,not_available,
2026-03-18,Claude Haiku 4.5,Default,QuePasa,message,≤ 200k,output,0.02,0.02,token,not_available,
2026-03-18,Claude Haiku 4.5,Default,Rezolve-R2-experimentation,message,≤ 200k,input_no_cache,5.55,5.55,token,not_available,
2026-03-18,Claude Haiku 4.5,Default,Rezolve-R2-experimentation,message,≤ 200k,output,1.66,1.66,token,not_available,
2026-03-18,Claude Opus 4.6,Default,QuePasa,message,≤ 200k,input_no_cache,0.01,0.01,token,global,
2026-03-18,Claude Opus 4.6,Default,QuePasa,message,≤ 200k,input_cache_read,9.52,9.52,token,global,
2026-03-18,Claude Opus 4.6,Default,QuePasa,message,≤ 200k,input_cache_read,5.49,5.49,token,global,
2026-03-18,Claude Opus 4.6,Default,QuePasa,message,≤ 200k,input_cache_write_5m,3.50,3.50,token,global,
2026-03-18,Claude Opus 4.6,Default,QuePasa,message,≤ 200k,input_cache_write_5m,14.13,14.13,token,global,
2026-03-18,Claude Opus 4.6,Default,QuePasa,message,≤ 200k,output,3.52,3.52,token,global,
2026-03-18,Claude Opus 4.6,Default,QuePasa,message,200k - 1M,input_no_cache,0.00,0.00,token,global,
2026-03-18,Claude Opus 4.6,Default,QuePasa,message,200k - 1M,input_cache_read,5.04,5.04,token,global,
2026-03-18,Claude Opus 4.6,Default,QuePasa,message,200k - 1M,input_cache_write_5m,7.02,7.02,token,global,
2026-03-18,Claude Opus 4.6,Default,QuePasa,message,200k - 1M,output,0.73,0.73,token,global,
2026-03-18,Claude Sonnet 4,Default,Checkout Prototype,message,≤ 200k,input_no_cache,0.01,0.01,token,not_available,
2026-03-18,Claude Sonnet 4,Default,Checkout Prototype,message,≤ 200k,output,0.00,0.00,token,not_available,
2026-03-18,Claude Sonnet 4.5,Default,QuePasa,message,≤ 200k,input_no_cache,0.00,0.00,token,not_available,
2026-03-18,Claude Sonnet 4.5,Default,QuePasa,message,≤ 200k,input_cache_read,1.74,1.74,token,not_available,
2026-03-18,Claude Sonnet 4.5,Default,QuePasa,message,≤ 200k,input_cache_write_5m,3.71,3.71,token,not_available,
2026-03-18,Claude Sonnet 4.5,Default,QuePasa,message,≤ 200k,output,0.75,0.75,token,not_available,
2026-03-18,Claude Sonnet 4.5,Default,Rezolve-R2-experimentation,message,≤ 200k,input_no_cache,6.67,6.67,token,not_available,
2026-03-18,Claude Sonnet 4.5,Default,Rezolve-R2-experimentation,message,≤ 200k,input_no_cache,14.19,14.19,token,not_available,
2026-03-18,Claude Sonnet 4.5,Default,Rezolve-R2-experimentation,message,≤ 200k,output,1.80,1.80,token,not_available,
2026-03-18,Claude Sonnet 4.6,Default,QuePasa,message,≤ 200k,input_no_cache,0.00,0.00,token,global,
2026-03-18,Claude Sonnet 4.6,Default,QuePasa,message,≤ 200k,input_cache_read,1.01,1.01,token,global,
2026-03-18,Claude Sonnet 4.6,Default,QuePasa,message,≤ 200k,input_cache_write_5m,0.07,0.07,token,global,
2026-03-18,Claude Sonnet 4.6,Default,QuePasa,message,≤ 200k,input_cache_write_5m,1.41,1.41,token,global,
2026-03-18,Claude Sonnet 4.6,Default,QuePasa,message,≤ 200k,output,0.66,0.66,token,global,
2026-03-18,Claude Sonnet 4.6,Default,Rezolve-R2-experimentation,message,≤ 200k,input_no_cache,0.00,0.00,token,global,
2026-03-18,Claude Sonnet 4.6,Default,Rezolve-R2-experimentation,message,≤ 200k,input_cache_read,0.25,0.25,token,global,
2026-03-18,Claude Sonnet 4.6,Default,Rezolve-R2-experimentation,message,≤ 200k,input_cache_write_5m,0.58,0.58,token,global,
2026-03-18,Claude Sonnet 4.6,Default,Rezolve-R2-experimentation,message,≤ 200k,output,0.18,0.18,token,global,
2026-03-19,Claude Haiku 4.5,Default,QuePasa,message,≤ 200k,input_no_cache,0.10,0.10,token,not_available,
2026-03-19,Claude Haiku 4.5,Default,QuePasa,message,≤ 200k,input_cache_write_5m,0.03,0.03,token,not_available,
2026-03-19,Claude Haiku 4.5,Default,QuePasa,message,≤ 200k,output,0.02,0.02,token,not_available,
2026-03-19,Claude Haiku 4.5,Default,Rezolve-R2-experimentation,message,≤ 200k,input_no_cache,6.39,6.39,token,not_available,
2026-03-19,Claude Haiku 4.5,Default,Rezolve-R2-experimentation,message,≤ 200k,output,1.81,1.81,token,not_available,
2026-03-19,Claude Opus 4.6,Default,QuePasa,message,≤ 200k,input_no_cache,0.00,0.00,token,global,
2026-03-19,Claude Opus 4.6,Default,QuePasa,message,≤ 200k,input_cache_read,0.66,0.66,token,global,
2026-03-19,Claude Opus 4.6,Default,QuePasa,message,≤ 200k,input_cache_write_5m,1.54,1.54,token,global,
2026-03-19,Claude Opus 4.6,Default,QuePasa,message,≤ 200k,output,0.42,0.42,token,global,
2026-03-19,Claude Opus 4.6,Default,QuePasa,message,200k - 1M,input_no_cache,0.00,0.00,token,global,
2026-03-19,Claude Opus 4.6,Default,QuePasa,message,200k - 1M,input_cache_read,18.23,18.23,token,global,
2026-03-19,Claude Opus 4.6,Default,QuePasa,message,200k - 1M,input_cache_write_5m,3.92,3.92,token,global,
2026-03-19,Claude Opus 4.6,Default,QuePasa,message,200k - 1M,input_cache_write_5m,4.94,4.94,token,global,
2026-03-19,Claude Opus 4.6,Default,QuePasa,message,200k - 1M,output,1.74,1.74,token,global,
2026-03-19,Claude Sonnet 4,Default,Checkout Prototype,message,≤ 200k,input_no_cache,0.05,0.05,token,not_available,
2026-03-19,Claude Sonnet 4,Default,Checkout Prototype,message,≤ 200k,output,0.01,0.01,token,not_available,
2026-03-19,Claude Sonnet 4.5,Default,QuePasa,message,≤ 200k,input_no_cache,0.01,0.01,token,not_available,
2026-03-19,Claude Sonnet 4.5,Default,QuePasa,message,≤ 200k,input_cache_read,3.96,3.96,token,not_available,
2026-03-19,Claude Sonnet 4.5,Default,QuePasa,message,≤ 200k,input_cache_write_5m,5.40,5.40,token,not_available,
2026-03-19,Claude Sonnet 4.5,Default,QuePasa,message,≤ 200k,output,2.07,2.07,token,not_available,
2026-03-19,Claude Sonnet 4.5,Default,Rezolve-R2-experimentation,message,≤ 200k,input_no_cache,7.43,7.43,token,not_available,
2026-03-19,Claude Sonnet 4.5,Default,Rezolve-R2-experimentation,message,≤ 200k,output,0.59,0.59,token,not_available,
2026-03-19,Claude Sonnet 4.6,Default,QuePasa,message,≤ 200k,input_no_cache,0.00,0.00,token,global,
2026-03-19,Claude Sonnet 4.6,Default,QuePasa,message,≤ 200k,input_cache_read,0.58,0.58,token,global,
2026-03-19,Claude Sonnet 4.6,Default,QuePasa,message,≤ 200k,input_cache_write_5m,0.81,0.81,token,global,
2026-03-19,Claude Sonnet 4.6,Default,QuePasa,message,≤ 200k,output,0.42,0.42,token,global,
2026-03-19,Claude Sonnet 4.6,Default,Rezolve-R2-experimentation,message,≤ 200k,input_no_cache,0.00,0.00,token,global,
2026-03-19,Claude Sonnet 4.6,Default,Rezolve-R2-experimentation,message,≤ 200k,input_cache_read,0.22,0.22,token,global,
2026-03-19,Claude Sonnet 4.6,Default,Rezolve-R2-experimentation,message,≤ 200k,input_cache_write_5m,0.72,0.72,token,global,
2026-03-19,Claude Sonnet 4.6,Default,Rezolve-R2-experimentation,message,≤ 200k,output,0.23,0.23,token,global,
2026-03-20,Claude Haiku 4.5,Default,QuePasa,message,≤ 200k,input_no_cache,0.01,0.01,token,not_available,
2026-03-20,Claude Haiku 4.5,Default,QuePasa,message,≤ 200k,input_cache_write_5m,0.02,0.02,token,not_available,
2026-03-20,Claude Haiku 4.5,Default,QuePasa,message,≤ 200k,output,0.00,0.00,token,not_available,
2026-03-20,Claude Haiku 4.5,Default,Rezolve-R2-experimentation,message,≤ 200k,input_no_cache,4.04,4.04,token,not_available,
2026-03-20,Claude Haiku 4.5,Default,Rezolve-R2-experimentation,message,≤ 200k,input_no_cache,4.49,4.49,token,not_available,
2026-03-20,Claude Haiku 4.5,Default,Rezolve-R2-experimentation,message,≤ 200k,output,2.35,2.35,token,not_available,
2026-03-20,Claude Opus 4.6,Default,QuePasa,message,≤ 200k,input_no_cache,0.00,0.00,token,global,
2026-03-20,Claude Opus 4.6,Default,QuePasa,message,≤ 200k,input_cache_read,7.81,7.81,token,global,
2026-03-20,Claude Opus 4.6,Default,QuePasa,message,≤ 200k,input_cache_write_5m,6.95,6.95,token,global,
2026-03-20,Claude Opus 4.6,Default,QuePasa,message,≤ 200k,output,2.83,2.83,token,global,
2026-03-20,Claude Sonnet 4.5,Default,QuePasa,message,≤ 200k,input_no_cache,0.00,0.00,token,not_available,
2026-03-20,Claude Sonnet 4.5,Default,QuePasa,message,≤ 200k,input_cache_read,0.22,0.22,token,not_available,
2026-03-20,Claude Sonnet 4.5,Default,QuePasa,message,≤ 200k,input_cache_write_5m,0.18,0.18,token,not_available,
2026-03-20,Claude Sonnet 4.5,Default,QuePasa,message,≤ 200k,output,0.11,0.11,token,not_available,
2026-03-20,Claude Sonnet 4.5,Default,Rezolve-R2-experimentation,message,≤ 200k,input_no_cache,8.68,8.68,token,not_available,
2026-03-20,Claude Sonnet 4.5,Default,Rezolve-R2-experimentation,message,≤ 200k,output,0.81,0.81,token,not_available,
2026-03-20,Claude Sonnet 4.6,Default,QuePasa,message,≤ 200k,input_no_cache,0.00,0.00,token,global,
2026-03-20,Claude Sonnet 4.6,Default,QuePasa,message,≤ 200k,input_cache_read,1.52,1.52,token,global,
2026-03-20,Claude Sonnet 4.6,Default,QuePasa,message,≤ 200k,input_cache_write_5m,2.70,2.70,token,global,
2026-03-20,Claude Sonnet 4.6,Default,QuePasa,message,≤ 200k,output,0.91,0.91,token,global,
2026-03-20,Claude Sonnet 4.6,Default,Rezolve-R2-experimentation,message,≤ 200k,input_no_cache,0.00,0.00,token,global,
2026-03-20,Claude Sonnet 4.6,Default,Rezolve-R2-experimentation,message,≤ 200k,input_cache_read,0.07,0.07,token,global,
2026-03-20,Claude Sonnet 4.6,Default,Rezolve-R2-experimentation,message,≤ 200k,input_cache_write_5m,0.16,0.16,token,global,
2026-03-20,Claude Sonnet 4.6,Default,Rezolve-R2-experimentation,message,≤ 200k,output,0.08,0.08,token,global,
2026-03-21,Claude Haiku 4.5,Default,QuePasa,message,≤ 200k,input_no_cache,0.00,0.00,token,not_available,
2026-03-21,Claude Haiku 4.5,Default,QuePasa,message,≤ 200k,output,0.00,0.00,token,not_available,
2026-03-21,Claude Opus 4.6,Default,QuePasa,message,≤ 200k,input_no_cache,0.00,0.00,token,global,
2026-03-21,Claude Opus 4.6,Default,QuePasa,message,≤ 200k,input_cache_read,2.51,2.51,token,global,
2026-03-21,Claude Opus 4.6,Default,QuePasa,message,≤ 200k,input_cache_write_5m,2.12,2.12,token,global,
2026-03-21,Claude Opus 4.6,Default,QuePasa,message,≤ 200k,output,0.72,0.72,token,global,
2026-03-21,Claude Opus 4.6,Default,QuePasa,message,200k - 1M,input_no_cache,0.00,0.00,token,global,
2026-03-21,Claude Opus 4.6,Default,QuePasa,message,200k - 1M,input_cache_read,0.00,0.00,token,global,
2026-03-21,Claude Opus 4.6,Default,QuePasa,message,200k - 1M,input_cache_write_5m,2.10,2.10,token,global,
2026-03-21,Claude Opus 4.6,Default,QuePasa,message,200k - 1M,output,0.00,0.00,token,global,
2026-03-21,Claude Sonnet 4.6,Default,QuePasa,message,≤ 200k,input_no_cache,0.00,0.00,token,global,
2026-03-21,Claude Sonnet 4.6,Default,QuePasa,message,≤ 200k,input_cache_read,0.20,0.20,token,global,
2026-03-21,Claude Sonnet 4.6,Default,QuePasa,message,≤ 200k,input_cache_write_5m,0.62,0.62,token,global,
2026-03-21,Claude Sonnet 4.6,Default,QuePasa,message,≤ 200k,output,0.20,0.20,token,global,
2026-03-22,Claude Haiku 4.5,Default,Rezolve-R2-experimentation,message,≤ 200k,input_no_cache,0.32,0.32,token,not_available,
2026-03-22,Claude Haiku 4.5,Default,Rezolve-R2-experimentation,message,≤ 200k,output,0.04,0.04,token,not_available,
2026-03-22,Claude Sonnet 4,Default,Checkout Prototype,message,≤ 200k,input_no_cache,0.07,0.07,token,not_available,
2026-03-22,Claude Sonnet 4,Default,Checkout Prototype,message,≤ 200k,output,0.01,0.01,token,not_available,
2026-03-22,Claude Sonnet 4.5,Default,Rezolve-R2-experimentation,message,≤ 200k,input_no_cache,6.07,6.07,token,not_available,
2026-03-22,Claude Sonnet 4.5,Default,Rezolve-R2-experimentation,message,≤ 200k,input_no_cache,2.19,2.19,token,not_available,
2026-03-22,Claude Sonnet 4.5,Default,Rezolve-R2-experimentation,message,≤ 200k,output,0.69,0.69,token,not_available,
2026-03-22,Claude Sonnet 4.6,Default,QuePasa,message,≤ 200k,input_no_cache,0.00,0.00,token,global,
2026-03-22,Claude Sonnet 4.6,Default,QuePasa,message,≤ 200k,input_cache_read,0.66,0.66,token,global,
2026-03-22,Claude Sonnet 4.6,Default,QuePasa,message,≤ 200k,input_cache_write_5m,0.58,0.58,token,global,
2026-03-22,Claude Sonnet 4.6,Default,QuePasa,message,≤ 200k,output,0.66,0.66,token,global,
2026-03-23,--,Default,QuePasa,--,--,--,0.16,0.16,web_search,--,--
2026-03-23,Claude Haiku 4.5,Default,QuePasa,message,≤ 200k,input_no_cache,0.49,0.49,token,not_available,
2026-03-23,Claude Haiku 4.5,Default,QuePasa,message,≤ 200k,input_cache_read,0.06,0.06,token,not_available,
2026-03-23,Claude Haiku 4.5,Default,QuePasa,message,≤ 200k,input_cache_write_5m,0.18,0.18,token,not_available,
2026-03-23,Claude Haiku 4.5,Default,QuePasa,message,≤ 200k,output,0.05,0.05,token,not_available,
2026-03-23,Claude Haiku 4.5,Default,Rezolve-R2-experimentation,message,≤ 200k,input_no_cache,10.89,10.89,token,not_available,
2026-03-23,Claude Haiku 4.5,Default,Rezolve-R2-experimentation,message,≤ 200k,output,2.26,2.26,token,not_available,
2026-03-23,Claude Opus 4.6,Default,QuePasa,message,≤ 200k,input_no_cache,0.04,0.04,token,global,
2026-03-23,Claude Opus 4.6,Default,QuePasa,message,≤ 200k,input_cache_read,2.49,2.49,token,global,
2026-03-23,Claude Opus 4.6,Default,QuePasa,message,≤ 200k,input_cache_write_5m,1.57,1.57,token,global,
2026-03-23,Claude Opus 4.6,Default,QuePasa,message,≤ 200k,output,0.62,0.62,token,global,
2026-03-23,Claude Opus 4.6,Default,QuePasa,message,200k - 1M,input_no_cache,0.00,0.00,token,global,
2026-03-23,Claude Opus 4.6,Default,QuePasa,message,200k - 1M,input_cache_read,2.58,2.58,token,global,
2026-03-23,Claude Opus 4.6,Default,QuePasa,message,200k - 1M,input_cache_read,6.24,6.24,token,global,
2026-03-23,Claude Opus 4.6,Default,QuePasa,message,200k - 1M,input_cache_write_5m,2.54,2.54,token,global,
2026-03-23,Claude Opus 4.6,Default,QuePasa,message,200k - 1M,output,0.55,0.55,token,global,
2026-03-23,Claude Sonnet 4.5,Default,QuePasa,message,≤ 200k,input_no_cache,0.00,0.00,token,not_available,
2026-03-23,Claude Sonnet 4.5,Default,QuePasa,message,≤ 200k,input_cache_read,3.35,3.35,token,not_available,
2026-03-23,Claude Sonnet 4.5,Default,QuePasa,message,≤ 200k,input_cache_write_5m,6.84,6.84,token,not_available,
2026-03-23,Claude Sonnet 4.5,Default,QuePasa,message,≤ 200k,output,1.16,1.16,token,not_available,
2026-03-23,Claude Sonnet 4.5,Default,Rezolve-R2-experimentation,message,≤ 200k,input_no_cache,4.46,4.46,token,not_available,
2026-03-23,Claude Sonnet 4.5,Default,Rezolve-R2-experimentation,message,≤ 200k,output,0.40,0.40,token,not_available,
2026-03-23,Claude Sonnet 4.6,Default,Rezolve-R2-experimentation,message,≤ 200k,input_no_cache,0.00,0.00,token,global,
2026-03-23,Claude Sonnet 4.6,Default,Rezolve-R2-experimentation,message,≤ 200k,input_cache_read,0.33,0.33,token,global,
2026-03-23,Claude Sonnet 4.6,Default,Rezolve-R2-experimentation,message,≤ 200k,input_cache_write_5m,0.47,0.47,token,global,
2026-03-23,Claude Sonnet 4.6,Default,Rezolve-R2-experimentation,message,≤ 200k,output,0.27,0.27,token,global,
2026-03-24,--,Default,QuePasa,--,--,--,0.02,0.02,web_search,--,--
2026-03-24,Claude Haiku 4.5,Default,QuePasa,message,≤ 200k,input_no_cache,0.24,0.24,token,not_available,
2026-03-24,Claude Haiku 4.5,Default,QuePasa,message,≤ 200k,input_cache_read,0.76,0.76,token,not_available,
2026-03-24,Claude Haiku 4.5,Default,QuePasa,message,≤ 200k,input_cache_write_5m,0.75,0.75,token,not_available,
2026-03-24,Claude Haiku 4.5,Default,QuePasa,message,≤ 200k,output,0.40,0.40,token,not_available,
2026-03-24,Claude Haiku 4.5,Default,Rezolve-R2-experimentation,message,≤ 200k,input_no_cache,0.03,0.03,token,not_available,
2026-03-24,Claude Haiku 4.5,Default,Rezolve-R2-experimentation,message,≤ 200k,output,0.01,0.01,token,not_available,
2026-03-24,Claude Opus 4.5,Default,rezolve-digest,message,≤ 200k,input_no_cache,0.04,0.04,token,not_available,
2026-03-24,Claude Opus 4.5,Default,rezolve-digest,message,≤ 200k,output,0.10,0.10,token,not_available,
2026-03-24,Claude Opus 4.6,Default,QuePasa,message,≤ 200k,input_no_cache,0.02,0.02,token,global,
2026-03-24,Claude Opus 4.6,Default,QuePasa,message,≤ 200k,input_cache_read,1.28,1.28,token,global,
2026-03-24,Claude Opus 4.6,Default,QuePasa,message,≤ 200k,input_cache_write_5m,1.11,1.11,token,global,
2026-03-24,Claude Opus 4.6,Default,QuePasa,message,≤ 200k,output,0.73,0.73,token,global,
2026-03-24,Claude Opus 4.6,Default,QuePasa,message,200k - 1M,input_no_cache,0.00,0.00,token,global,
2026-03-24,Claude Opus 4.6,Default,QuePasa,message,200k - 1M,input_cache_read,33.30,33.30,token,global,
2026-03-24,Claude Opus 4.6,Default,QuePasa,message,200k - 1M,input_cache_write_5m,24.32,24.32,token,global,
2026-03-24,Claude Opus 4.6,Default,QuePasa,message,200k - 1M,output,2.05,2.05,token,global,
2026-03-24,Claude Sonnet 4,Default,rezolve-digest,message,≤ 200k,input_no_cache,0.03,0.03,token,not_available,
2026-03-24,Claude Sonnet 4,Default,rezolve-digest,message,≤ 200k,output,0.07,0.07,token,not_available,
2026-03-24,Claude Sonnet 4,Default,Checkout Prototype,message,≤ 200k,input_no_cache,0.01,0.01,token,not_available,
2026-03-24,Claude Sonnet 4,Default,Checkout Prototype,message,≤ 200k,output,0.00,0.00,token,not_available,
2026-03-24,Claude Sonnet 4.5,Default,QuePasa,message,≤ 200k,input_no_cache,0.00,0.00,token,not_available,
2026-03-24,Claude Sonnet 4.5,Default,QuePasa,message,≤ 200k,input_cache_read,4.31,4.31,token,not_available,
2026-03-24,Claude Sonnet 4.5,Default,QuePasa,message,≤ 200k,input_cache_write_5m,7.55,7.55,token,not_available,
2026-03-24,Claude Sonnet 4.5,Default,QuePasa,message,≤ 200k,output,2.33,2.33,token,not_available,
2026-03-24,Claude Sonnet 4.5,Default,Rezolve-R2-experimentation,message,≤ 200k,input_no_cache,11.22,11.22,token,not_available,
2026-03-24,Claude Sonnet 4.5,Default,Rezolve-R2-experimentation,message,≤ 200k,output,0.89,0.89,token,not_available,
2026-03-24,Claude Sonnet 4.6,Default,Rezolve-R2-experimentation,message,≤ 200k,input_no_cache,0.00,0.00,token,global,
2026-03-24,Claude Sonnet 4.6,Default,Rezolve-R2-experimentation,message,≤ 200k,input_cache_read,0.22,0.22,token,global,
2026-03-24,Claude Sonnet 4.6,Default,Rezolve-R2-experimentation,message,≤ 200k,input_cache_write_5m,0.30,0.30,token,global,
2026-03-24,Claude Sonnet 4.6,Default,Rezolve-R2-experimentation,message,≤ 200k,output,0.11,0.11,token,global,
2026-03-25,Claude Haiku 4.5,Default,QuePasa,message,≤ 200k,input_no_cache,0.19,0.19,token,not_available,
2026-03-25,Claude Haiku 4.5,Default,QuePasa,message,≤ 200k,input_cache_read,0.10,0.10,token,not_available,
2026-03-25,Claude Haiku 4.5,Default,QuePasa,message,≤ 200k,input_cache_write_5m,0.22,0.22,token,not_available,
2026-03-25,Claude Haiku 4.5,Default,QuePasa,message,≤ 200k,output,0.15,0.15,token,not_available,
2026-03-25,Claude Haiku 4.5,Default,Rezolve-R2-experimentation,message,≤ 200k,input_no_cache,0.10,0.10,token,not_available,
2026-03-25,Claude Haiku 4.5,Default,Rezolve-R2-experimentation,message,≤ 200k,output,0.02,0.02,token,not_available,
2026-03-25,Claude Opus 4.5,Default,rezolve-digest,message,≤ 200k,input_no_cache,0.01,0.01,token,not_available,
2026-03-25,Claude Opus 4.5,Default,rezolve-digest,message,≤ 200k,output,0.02,0.02,token,not_available,
2026-03-25,Claude Opus 4.6,Default,QuePasa,message,≤ 200k,input_no_cache,0.00,0.00,token,global,
2026-03-25,Claude Opus 4.6,Default,QuePasa,message,≤ 200k,input_cache_read,0.52,0.52,token,global,
2026-03-25,Claude Opus 4.6,Default,QuePasa,message,≤ 200k,input_cache_write_5m,1.77,1.77,token,global,
2026-03-25,Claude Opus 4.6,Default,QuePasa,message,≤ 200k,output,0.83,0.83,token,global,
2026-03-25,Claude Sonnet 4.5,Default,QuePasa,message,≤ 200k,input_no_cache,0.01,0.01,token,not_available,
2026-03-25,Claude Sonnet 4.5,Default,QuePasa,message,≤ 200k,input_cache_read,5.21,5.21,token,not_available,
2026-03-25,Claude Sonnet 4.5,Default,QuePasa,message,≤ 200k,input_cache_read,3.97,3.97,token,not_available,
2026-03-25,Claude Sonnet 4.5,Default,QuePasa,message,≤ 200k,input_cache_write_5m,3.76,3.76,token,not_available,
2026-03-25,Claude Sonnet 4.5,Default,QuePasa,message,≤ 200k,input_cache_write_5m,6.96,6.96,token,not_available,
2026-03-25,Claude Sonnet 4.5,Default,QuePasa,message,≤ 200k,output,3.92,3.92,token,not_available,
2026-03-25,Claude Sonnet 4.5,Default,Rezolve-R2-experimentation,message,≤ 200k,input_no_cache,3.88,3.88,token,not_available,
2026-03-25,Claude Sonnet 4.5,Default,Rezolve-R2-experimentation,message,≤ 200k,output,0.17,0.17,token,not_available,
2026-03-25,Claude Sonnet 4.5,Default,Rezolve-R2-experimentation,message,≤ 200k,output,0.14,0.14,token,not_available,
2026-03-25,Claude Sonnet 4.6,Default,QuePasa,message,≤ 200k,input_no_cache,0.00,0.00,token,global,
2026-03-25,Claude Sonnet 4.6,Default,QuePasa,message,≤ 200k,input_cache_read,3.32,3.32,token,global,
2026-03-25,Claude Sonnet 4.6,Default,QuePasa,message,≤ 200k,input_cache_write_5m,3.53,3.53,token,global,
2026-03-25,Claude Sonnet 4.6,Default,QuePasa,message,≤ 200k,output,1.38,1.38,token,global,
2026-03-25,Claude Sonnet 4.6,Default,Rezolve-R2-experimentation,message,≤ 200k,input_no_cache,0.00,0.00,token,global,
2026-03-25,Claude Sonnet 4.6,Default,Rezolve-R2-experimentation,message,≤ 200k,input_cache_read,0.25,0.25,token,global,
2026-03-25,Claude Sonnet 4.6,Default,Rezolve-R2-experimentation,message,≤ 200k,input_cache_write_5m,0.59,0.59,token,global,
2026-03-25,Claude Sonnet 4.6,Default,Rezolve-R2-experimentation,message,≤ 200k,output,0.26,0.26,token,global,
2026-03-26,Claude Haiku 4.5,Default,QuePasa,message,≤ 200k,input_no_cache,0.01,0.01,token,not_available,
2026-03-26,Claude Haiku 4.5,Default,QuePasa,message,≤ 200k,input_cache_read,0.04,0.04,token,not_available,
2026-03-26,Claude Haiku 4.5,Default,QuePasa,message,≤ 200k,input_cache_write_5m,0.18,0.18,token,not_available,
2026-03-26,Claude Haiku 4.5,Default,QuePasa,message,≤ 200k,output,0.07,0.07,token,not_available,
2026-03-26,Claude Haiku 4.5,Default,Rezolve-R2-experimentation,message,≤ 200k,input_no_cache,0.24,0.24,token,not_available,
2026-03-26,Claude Haiku 4.5,Default,Rezolve-R2-experimentation,message,≤ 200k,output,0.06,0.06,token,not_available,
2026-03-26,Claude Opus 4.5,Default,rezolve-digest,message,≤ 200k,input_no_cache,0.07,0.07,token,not_available,
2026-03-26,Claude Opus 4.5,Default,rezolve-digest,message,≤ 200k,output,0.13,0.13,token,not_available,
2026-03-26,Claude Opus 4.6,Default,QuePasa,message,≤ 200k,input_no_cache,0.00,0.00,token,global,
2026-03-26,Claude Opus 4.6,Default,QuePasa,message,≤ 200k,input_cache_read,1.34,1.34,token,global,
2026-03-26,Claude Opus 4.6,Default,QuePasa,message,≤ 200k,input_cache_write_5m,3.08,3.08,token,global,
2026-03-26,Claude Opus 4.6,Default,QuePasa,message,≤ 200k,output,0.66,0.66,token,global,
2026-03-26,Claude Opus 4.6,Default,QuePasa,message,200k - 1M,input_no_cache,0.00,0.00,token,global,
2026-03-26,Claude Opus 4.6,Default,QuePasa,message,200k - 1M,input_cache_read,0.82,0.82,token,global,
2026-03-26,Claude Opus 4.6,Default,QuePasa,message,200k - 1M,input_cache_write_5m,3.37,3.37,token,global,
2026-03-26,Claude Opus 4.6,Default,QuePasa,message,200k - 1M,output,0.03,0.03,token,global,
2026-03-26,Claude Sonnet 4.5,Default,Rezolve-R2-experimentation,message,≤ 200k,input_no_cache,1.32,1.32,token,not_available,
2026-03-26,Claude Sonnet 4.5,Default,Rezolve-R2-experimentation,message,≤ 200k,output,0.10,0.10,token,not_available,
2026-03-26,Claude Sonnet 4.6,Default,QuePasa,message,≤ 200k,input_no_cache,0.00,0.00,token,global,
2026-03-26,Claude Sonnet 4.6,Default,QuePasa,message,≤ 200k,input_cache_read,1.34,1.34,token,global,
2026-03-26,Claude Sonnet 4.6,Default,QuePasa,message,≤ 200k,input_cache_read,0.26,0.26,token,global,
2026-03-26,Claude Sonnet 4.6,Default,QuePasa,message,≤ 200k,input_cache_write_5m,2.95,2.95,token,global,
2026-03-26,Claude Sonnet 4.6,Default,QuePasa,message,≤ 200k,output,0.82,0.82,token,global,
2026-03-26,Claude Sonnet 4.6,Default,Rezolve-R2-experimentation,message,≤ 200k,input_no_cache,0.00,0.00,token,global,
2026-03-26,Claude Sonnet 4.6,Default,Rezolve-R2-experimentation,message,≤ 200k,input_cache_read,0.08,0.08,token,global,
2026-03-26,Claude Sonnet 4.6,Default,Rezolve-R2-experimentation,message,≤ 200k,input_cache_write_5m,0.11,0.11,token,global,
2026-03-26,Claude Sonnet 4.6,Default,Rezolve-R2-experimentation,message,≤ 200k,output,0.06,0.06,token,global,
2026-03-27,Claude Haiku 4.5,Default,QuePasa,message,≤ 200k,input_no_cache,0.00,0.00,token,not_available,
2026-03-27,Claude Haiku 4.5,Default,QuePasa,message,≤ 200k,output,0.00,0.00,token,not_available,
2026-03-27,Claude Haiku 4.5,Default,Rezolve-R2-experimentation,message,≤ 200k,input_no_cache,1.79,1.79,token,not_available,
2026-03-27,Claude Haiku 4.5,Default,Rezolve-R2-experimentation,message,≤ 200k,output,0.45,0.45,token,not_available,
2026-03-27,Claude Haiku 4.5,Default,ciso-key,message,≤ 200k,input_no_cache,0.00,0.00,token,not_available,
2026-03-27,Claude Haiku 4.5,Default,ciso-key,message,≤ 200k,input_cache_read,0.01,0.01,token,not_available,
2026-03-27,Claude Haiku 4.5,Default,ciso-key,message,≤ 200k,input_cache_write_5m,0.04,0.04,token,not_available,
2026-03-27,Claude Haiku 4.5,Default,ciso-key,message,≤ 200k,output,0.01,0.01,token,not_available,
2026-03-27,Claude Opus 4.5,Default,rezolve-digest,message,≤ 200k,input_no_cache,0.20,0.20,token,not_available,
2026-03-27,Claude Opus 4.5,Default,rezolve-digest,message,≤ 200k,output,0.48,0.48,token,not_available,
2026-03-27,Claude Opus 4.6,Default,QuePasa,message,≤ 200k,input_no_cache,0.00,0.00,token,global,
2026-03-27,Claude Opus 4.6,Default,QuePasa,message,≤ 200k,input_cache_read,15.70,15.70,token,global,
2026-03-27,Claude Opus 4.6,Default,QuePasa,message,≤ 200k,input_cache_write_5m,8.33,8.33,token,global,
2026-03-27,Claude Opus 4.6,Default,QuePasa,message,≤ 200k,input_cache_write_5m,6.86,6.86,token,global,
2026-03-27,Claude Opus 4.6,Default,QuePasa,message,≤ 200k,output,5.89,5.89,token,global,
2026-03-27,Claude Opus 4.6,Default,QuePasa,message,200k - 1M,input_no_cache,0.00,0.00,token,global,
2026-03-27,Claude Opus 4.6,Default,QuePasa,message,200k - 1M,input_cache_read,0.83,0.83,token,global,
2026-03-27,Claude Opus 4.6,Default,QuePasa,message,200k - 1M,input_cache_read,3.42,3.42,token,global,
2026-03-27,Claude Opus 4.6,Default,QuePasa,message,200k - 1M,input_cache_write_5m,1.37,1.37,token,global,
2026-03-27,Claude Opus 4.6,Default,QuePasa,message,200k - 1M,output,0.29,0.29,token,global,
2026-03-27,Claude Sonnet 4.5,Default,Rezolve-R2-experimentation,message,≤ 200k,input_no_cache,2.35,2.35,token,not_available,
2026-03-27,Claude Sonnet 4.5,Default,Rezolve-R2-experimentation,message,≤ 200k,output,0.25,0.25,token,not_available,
2026-03-27,Claude Sonnet 4.6,Default,QuePasa,message,≤ 200k,input_no_cache,0.00,0.00,token,global,
2026-03-27,Claude Sonnet 4.6,Default,QuePasa,message,≤ 200k,input_cache_read,0.01,0.01,token,global,
2026-03-27,Claude Sonnet 4.6,Default,QuePasa,message,≤ 200k,input_cache_write_5m,0.27,0.27,token,global,
2026-03-27,Claude Sonnet 4.6,Default,QuePasa,message,≤ 200k,output,0.02,0.02,token,global,
2026-03-27,Claude Sonnet 4.6,Default,Rezolve-R2-experimentation,message,≤ 200k,input_no_cache,0.00,0.00,token,global,
2026-03-27,Claude Sonnet 4.6,Default,Rezolve-R2-experimentation,message,≤ 200k,input_cache_read,0.12,0.12,token,global,
2026-03-27,Claude Sonnet 4.6,Default,Rezolve-R2-experimentation,message,≤ 200k,input_cache_write_5m,0.30,0.30,token,global,
2026-03-27,Claude Sonnet 4.6,Default,Rezolve-R2-experimentation,message,≤ 200k,output,0.20,0.20,token,global,
2026-03-28,Claude Haiku 4.5,Default,QuePasa,message,≤ 200k,input_no_cache,0.00,0.00,token,not_available,
2026-03-28,Claude Haiku 4.5,Default,QuePasa,message,≤ 200k,input_cache_read,0.02,0.02,token,not_available,
2026-03-28,Claude Haiku 4.5,Default,QuePasa,message,≤ 200k,input_cache_write_5m,0.05,0.05,token,not_available,
2026-03-28,Claude Haiku 4.5,Default,QuePasa,message,≤ 200k,output,0.01,0.01,token,not_available,
2026-03-28,Claude Haiku 4.5,Default,Rezolve-R2-experimentation,message,≤ 200k,input_no_cache,0.02,0.02,token,not_available,
2026-03-28,Claude Haiku 4.5,Default,Rezolve-R2-experimentation,message,≤ 200k,output,0.00,0.00,token,not_available,
2026-03-28,Claude Opus 4.6,Default,QuePasa,message,≤ 200k,input_no_cache,0.00,0.00,token,global,
2026-03-28,Claude Opus 4.6,Default,QuePasa,message,≤ 200k,input_cache_read,2.40,2.40,token,global,
2026-03-28,Claude Opus 4.6,Default,QuePasa,message,≤ 200k,input_cache_read,5.19,5.19,token,global,
2026-03-28,Claude Opus 4.6,Default,QuePasa,message,≤ 200k,input_cache_write_5m,3.57,3.57,token,global,
2026-03-28,Claude Opus 4.6,Default,QuePasa,message,≤ 200k,output,1.32,1.32,token,global,
2026-03-28,Claude Sonnet 4.5,Default,Rezolve-R2-experimentation,message,≤ 200k,input_no_cache,6.88,6.88,token,not_available,
2026-03-28,Claude Sonnet 4.5,Default,Rezolve-R2-experimentation,message,≤ 200k,output,0.65,0.65,token,not_available,
2026-03-28,Claude Sonnet 4.6,Default,QuePasa,message,≤ 200k,input_no_cache,0.00,0.00,token,global,
2026-03-28,Claude Sonnet 4.6,Default,QuePasa,message,≤ 200k,input_cache_read,0.63,0.63,token,global,
2026-03-28,Claude Sonnet 4.6,Default,QuePasa,message,≤ 200k,input_cache_write_5m,1.16,1.16,token,global,
2026-03-28,Claude Sonnet 4.6,Default,QuePasa,message,≤ 200k,output,0.22,0.22,token,global,
2026-03-28,Claude Sonnet 4.6,Default,Rezolve-R2-experimentation,message,≤ 200k,input_no_cache,0.00,0.00,token,global,
2026-03-28,Claude Sonnet 4.6,Default,Rezolve-R2-experimentation,message,≤ 200k,input_cache_read,0.13,0.13,token,global,
2026-03-28,Claude Sonnet 4.6,Default,Rezolve-R2-experimentation,message,≤ 200k,input_cache_write_5m,0.20,0.20,token,global,
2026-03-28,Claude Sonnet 4.6,Default,Rezolve-R2-experimentation,message,≤ 200k,output,0.11,0.11,token,global,
2026-03-29,Claude Haiku 4.5,Default,QuePasa,message,≤ 200k,input_no_cache,0.00,0.00,token,not_available,
2026-03-29,Claude Haiku 4.5,Default,QuePasa,message,≤ 200k,output,0.00,0.00,token,not_available,
2026-03-29,Claude Haiku 4.5,Default,Rezolve-R2-experimentation,message,≤ 200k,input_no_cache,0.11,0.11,token,not_available,
2026-03-29,Claude Haiku 4.5,Default,Rezolve-R2-experimentation,message,≤ 200k,input_cache_read,0.01,0.01,token,not_available,
2026-03-29,Claude Haiku 4.5,Default,Rezolve-R2-experimentation,message,≤ 200k,input_cache_write_5m,0.05,0.05,token,not_available,
2026-03-29,Claude Haiku 4.5,Default,Rezolve-R2-experimentation,message,≤ 200k,output,0.04,0.04,token,not_available,
2026-03-29,Claude Opus 4.6,Default,QuePasa,message,≤ 200k,input_no_cache,0.00,0.00,token,global,
2026-03-29,Claude Opus 4.6,Default,QuePasa,message,≤ 200k,input_cache_read,9.84,9.84,token,global,
2026-03-29,Claude Opus 4.6,Default,QuePasa,message,≤ 200k,input_cache_write_5m,10.33,10.33,token,global,
2026-03-29,Claude Opus 4.6,Default,QuePasa,message,≤ 200k,output,1.76,1.76,token,global,
2026-03-29,Claude Opus 4.6,Default,QuePasa,message,200k - 1M,input_no_cache,0.00,0.00,token,global,
2026-03-29,Claude Opus 4.6,Default,QuePasa,message,200k - 1M,input_cache_read,0.28,0.28,token,global,
2026-03-29,Claude Opus 4.6,Default,QuePasa,message,200k - 1M,input_cache_write_5m,1.90,1.90,token,global,
2026-03-29,Claude Opus 4.6,Default,QuePasa,message,200k - 1M,input_cache_write_5m,1.48,1.48,token,global,
2026-03-29,Claude Opus 4.6,Default,QuePasa,message,200k - 1M,output,0.04,0.04,token,global,
2026-03-29,Claude Sonnet 4.6,Default,QuePasa,message,≤ 200k,input_no_cache,0.00,0.00,token,global,
2026-03-29,Claude Sonnet 4.6,Default,QuePasa,message,≤ 200k,input_cache_read,0.09,0.09,token,global,
2026-03-29,Claude Sonnet 4.6,Default,QuePasa,message,≤ 200k,input_cache_write_5m,0.57,0.57,token,global,
2026-03-29,Claude Sonnet 4.6,Default,QuePasa,message,≤ 200k,output,0.21,0.21,token,global,
2026-03-29,Claude Sonnet 4.6,Default,Rezolve-R2-experimentation,message,≤ 200k,input_no_cache,0.00,0.00,token,global,
2026-03-29,Claude Sonnet 4.6,Default,Rezolve-R2-experimentation,message,≤ 200k,input_cache_read,0.08,0.08,token,global,
2026-03-29,Claude Sonnet 4.6,Default,Rezolve-R2-experimentation,message,≤ 200k,input_cache_write_5m,0.21,0.21,token,global,
2026-03-29,Claude Sonnet 4.6,Default,Rezolve-R2-experimentation,message,≤ 200k,output,0.09,0.09,token,global,
2026-03-29,Claude Sonnet 4.6,Default,ciso-key,message,≤ 200k,input_no_cache,0.00,0.00,token,global,
2026-03-29,Claude Sonnet 4.6,Default,ciso-key,message,≤ 200k,input_cache_read,0.12,0.12,token,global,
2026-03-29,Claude Sonnet 4.6,Default,ciso-key,message,≤ 200k,input_cache_write_5m,0.71,0.71,token,global,
2026-03-29,Claude Sonnet 4.6,Default,ciso-key,message,≤ 200k,output,0.69,0.69,token,global,
2026-03-30,Claude Haiku 4.5,Default,QuePasa,message,≤ 200k,input_no_cache,0.00,0.00,token,not_available,
2026-03-30,Claude Haiku 4.5,Default,QuePasa,message,≤ 200k,output,0.00,0.00,token,not_available,
2026-03-30,Claude Haiku 4.5,Default,Rezolve-R2-experimentation,message,≤ 200k,input_no_cache,1.19,1.19,token,not_available,
2026-03-30,Claude Haiku 4.5,Default,Rezolve-R2-experimentation,message,≤ 200k,input_cache_read,0.73,0.73,token,not_available,
2026-03-30,Claude Haiku 4.5,Default,Rezolve-R2-experimentation,message,≤ 200k,input_cache_write_5m,0.26,0.26,token,not_available,
2026-03-30,Claude Haiku 4.5,Default,Rezolve-R2-experimentation,message,≤ 200k,output,2.13,2.13,token,not_available,
2026-03-30,Claude Opus 4.6,Default,QuePasa,message,≤ 200k,input_no_cache,0.00,0.00,token,global,
2026-03-30,Claude Opus 4.6,Default,QuePasa,message,≤ 200k,input_cache_read,2.73,2.73,token,global,
2026-03-30,Claude Opus 4.6,Default,QuePasa,message,≤ 200k,input_cache_write_5m,5.64,5.64,token,global,
2026-03-30,Claude Opus 4.6,Default,QuePasa,message,≤ 200k,output,0.71,0.71,token,global,
2026-03-30,Claude Sonnet 4.5,Default,Rezolve-R2-experimentation,message,≤ 200k,input_no_cache,5.20,5.20,token,not_available,
2026-03-30,Claude Sonnet 4.5,Default,Rezolve-R2-experimentation,message,≤ 200k,input_no_cache,2.25,2.25,token,not_available,
2026-03-30,Claude Sonnet 4.5,Default,Rezolve-R2-experimentation,message,≤ 200k,output,0.74,0.74,token,not_available,
2026-03-30,Claude Sonnet 4.6,Default,QuePasa,message,≤ 200k,input_no_cache,0.00,0.00,token,global,
2026-03-30,Claude Sonnet 4.6,Default,QuePasa,message,≤ 200k,input_cache_read,2.10,2.10,token,global,
2026-03-30,Claude Sonnet 4.6,Default,QuePasa,message,≤ 200k,input_cache_write_5m,3.74,3.74,token,global,
2026-03-30,Claude Sonnet 4.6,Default,QuePasa,message,≤ 200k,output,0.89,0.89,token,global,
2026-03-30,Claude Sonnet 4.6,Default,Rezolve-R2-experimentation,message,≤ 200k,input_no_cache,0.00,0.00,token,global,
2026-03-30,Claude Sonnet 4.6,Default,Rezolve-R2-experimentation,message,≤ 200k,input_cache_read,0.09,0.09,token,global,
2026-03-30,Claude Sonnet 4.6,Default,Rezolve-R2-experimentation,message,≤ 200k,input_cache_write_5m,0.13,0.13,token,global,
2026-03-30,Claude Sonnet 4.6,Default,Rezolve-R2-experimentation,message,≤ 200k,output,0.10,0.10,token,global,
2026-03-31,--,Default,QuePasa,--,--,--,0.11,0.11,web_search,--,--
2026-03-31,Claude Haiku 4.5,Default,QuePasa,message,≤ 200k,input_no_cache,0.04,0.04,token,not_available,
2026-03-31,Claude Haiku 4.5,Default,QuePasa,message,≤ 200k,input_cache_read,0.29,0.29,token,not_available,
2026-03-31,Claude Haiku 4.5,Default,QuePasa,message,≤ 200k,input_cache_write_5m,0.43,0.43,token,not_available,
2026-03-31,Claude Haiku 4.5,Default,QuePasa,message,≤ 200k,output,0.13,0.13,token,not_available,
2026-03-31,Claude Opus 4.6,Default,QuePasa,message,≤ 200k,input_no_cache,0.16,0.16,token,global,
2026-03-31,Claude Opus 4.6,Default,QuePasa,message,≤ 200k,input_cache_read,22.73,22.73,token,global,
2026-03-31,Claude Opus 4.6,Default,QuePasa,message,≤ 200k,input_cache_read,8.20,8.20,token,global,
2026-03-31,Claude Opus 4.6,Default,QuePasa,message,≤ 200k,input_cache_write_5m,15.33,15.33,token,global,
2026-03-31,Claude Opus 4.6,Default,QuePasa,message,≤ 200k,input_cache_write_5m,7.78,7.78,token,global,
2026-03-31,Claude Opus 4.6,Default,QuePasa,message,≤ 200k,output,5.92,5.92,token,global,
2026-03-31,Claude Opus 4.6,Default,QuePasa,message,200k - 1M,input_no_cache,0.00,0.00,token,global,
2026-03-31,Claude Opus 4.6,Default,QuePasa,message,200k - 1M,input_cache_read,10.59,10.59,token,global,
2026-03-31,Claude Opus 4.6,Default,QuePasa,message,200k - 1M,input_cache_write_5m,13.36,13.36,token,global,
2026-03-31,Claude Opus 4.6,Default,QuePasa,message,200k - 1M,output,0.64,0.64,token,global,
2026-03-31,Claude Sonnet 4.5,Default,Rezolve-R2-experimentation,message,≤ 200k,input_no_cache,6.14,6.14,token,not_available,
2026-03-31,Claude Sonnet 4.5,Default,Rezolve-R2-experimentation,message,≤ 200k,output,0.54,0.54,token,not_available,
2026-03-31,Claude Sonnet 4.5,Default,console,message,≤ 200k,input_no_cache,0.00,0.00,token,not_available,
2026-03-31,Claude Sonnet 4.5,Default,console,message,≤ 200k,input_cache_write_5m,0.02,0.02,token,not_available,
2026-03-31,Claude Sonnet 4.5,Default,console,message,≤ 200k,output,0.01,0.01,token,not_available,
2026-03-31,Claude Sonnet 4.6,Default,QuePasa,message,≤ 200k,input_no_cache,0.00,0.00,token,global,
2026-03-31,Claude Sonnet 4.6,Default,QuePasa,message,≤ 200k,input_cache_read,8.78,8.78,token,global,
2026-03-31,Claude Sonnet 4.6,Default,QuePasa,message,≤ 200k,input_cache_write_5m,9.59,9.59,token,global,
2026-03-31,Claude Sonnet 4.6,Default,QuePasa,message,≤ 200k,output,3.05,3.05,token,global,
2026-03-31,Claude Sonnet 4.6,Default,QuePasa,message,≤ 200k,output,0.19,0.19,token,global,
2026-03-31,Claude Sonnet 4.6,Default,Rezolve-R2-experimentation,message,≤ 200k,input_no_cache,0.00,0.00,token,global,
2026-03-31,Claude Sonnet 4.6,Default,Rezolve-R2-experimentation,message,≤ 200k,input_cache_read,0.21,0.21,token,global,
2026-03-31,Claude Sonnet 4.6,Default,Rezolve-R2-experimentation,message,≤ 200k,input_cache_write_5m,0.22,0.22,token,global,
2026-03-31,Claude Sonnet 4.6,Default,Rezolve-R2-experimentation,message,≤ 200k,output,0.13,0.13,token,global,
